<?xml version="1.0" encoding="UTF-8"?>
<beans xmlns="http://www.springframework.org/schema/beans"
	xmlns:xsi="http://www.w3.org/2001/XMLSchema-instance"
	xmlns:context="http://www.springframework.org/schema/context"
	xsi:schemaLocation="http://www.springframework.org/schema/beans http://www.springframework.org/schema/beans/spring-beans.xsd
		http://www.springframework.org/schema/context http://www.springframework.org/schema/context/spring-context-3.0.xsd">
	<context:component-scan base-package="polymorphism4"></context:component-scan>
	
	<!-- 실제로 사용할 Specker 타입의 클래스 하나만 등록한다  -->
	<bean class="polymorphism4.SonySpeaker"></bean>
	<!-- 
	<bean id="tv" class="polymorphism4.GoogleTV">
		<constructor-arg ref="sony"></constructor-arg>
		<constructor-arg value="1500000"></constructor-arg>
	</bean>

	 
	<bean id="tv" class="polymorphism4.SamsungTV">
		<property name="speaker" ref="sony"></property>
		<property name="price" value="1900000"></property>
	</bean>
	
	<bean id="sony" class="polymorphism4.SonySpeaker"></bean>
	
	<bean id="apple" class="polymorphism4.AppleSpeaker"></bean>
	 -->		

</beans>
